num_decks,dealer_rule,penetration,das,surrender,num_games,win_rate,ev,rtp,hands_played
1,S17,0.5,True,True,10000,43.14440611138492,-0.05096106456382454,94.90389354361754,10145
1,S17,0.5,True,False,10000,43.30049261083744,-0.04334975369458128,95.66502463054188,10150
1,S17,0.5,False,True,10000,42.7192118226601,-0.057438423645320195,94.25615763546799,10150
1,S17,0.5,False,False,10000,43.567280244118514,-0.03858647504675657,96.14135249532434,10159
1,S17,0.65,True,True,10000,42.89515175404021,-0.057351202207331496,94.26487977926685,10148
1,S17,0.65,True,False,10000,43.33825701624816,-0.04716888232397833,95.28311176760216,10155
1,S17,0.65,False,True,10000,43.44020456333595,-0.04356805664830842,95.64319433516916,10168
1,S17,0.65,False,False,10000,43.18652083949158,-0.04719676815449798,95.2803231845502,10149
1,S17,0.75,True,True,10000,43.13029765424798,-0.04859057756751429,95.14094224324857,10146
1,S17,0.75,True,False,10000,43.464535858735324,-0.04606885666370721,95.39311433362928,10137
1,S17,0.75,False,True,10000,43.58999606144151,-0.04785348562426152,95.21465143757385,10156
1,S17,0.75,False,False,10000,43.42468454258675,-0.0422910094637224,95.77089905362776,10144
1,H17,0.5,True,True,10000,43.466272772033484,-0.03879862136878385,96.12013786312161,10155
1,H17,0.5,True,False,10000,43.461992910594724,-0.04844426939740055,95.15557306025994,10156
1,H17,0.5,False,True,10000,43.467980295566505,-0.044729064039408864,95.5270935960591,10150
1,H17,0.5,False,False,10000,43.547430830039524,-0.04456521739130435,95.54347826086956,10120
1,H17,0.65,True,True,10000,42.938912464225794,-0.0566466002171124,94.33533997828876,10133
1,H17,0.65,True,False,10000,43.35864313184104,-0.04782565821911054,95.21743417808895,10141
1,H17,0.65,False,True,10000,43.64030763163084,-0.04013015184381779,95.98698481561823,10142
1,H17,0.65,False,False,10000,42.96274393849793,-0.05095604178986793,94.90439582101321,10146
1,H17,0.75,True,True,10000,43.45812807881774,-0.043448275862068966,95.6551724137931,10150
1,H17,0.75,True,False,10000,43.50137849547066,-0.04568727845608507,95.4312721543915,10156
1,H17,0.75,False,True,10000,44.09238969499556,-0.02517026946994374,97.48297305300562,10131
1,H17,0.75,False,False,10000,44.358014966522255,-0.025797558093737693,97.42024419062622,10156
2,S17,0.5,True,True,10000,42.94998030720756,-0.05799527372981489,94.20047262701851,10156
2,S17,0.5,True,False,10000,42.040977147360124,-0.06658786446020488,93.34121355397951,10152
2,S17,0.5,False,True,10000,41.79398718580582,-0.07235091177920158,92.76490882207983,10145
2,S17,0.5,False,False,10000,42.90487421383648,-0.05345911949685535,94.65408805031447,10176
2,S17,0.65,True,True,10000,43.08009422850412,-0.04858657243816254,95.14134275618375,10188
2,S17,0.65,True,False,10000,42.49558563861095,-0.0594467333725721,94.05532666274279,10194
2,S17,0.65,False,True,10000,42.726557892667586,-0.05582858266168665,94.41714173383133,10174
2,S17,0.65,False,False,10000,42.75726243229936,-0.05307730182176268,94.69226981782373,10155
2,S17,0.75,True,True,10000,43.57409958669553,-0.039755953552450304,96.02440464475497,10162
2,S17,0.75,True,False,10000,42.3992133726647,-0.06460176991150443,93.53982300884955,10170
2,S17,0.75,False,True,10000,42.99783336616112,-0.04746897774276147,95.25310222572385,10154
2,S17,0.75,False,False,10000,42.189191849591495,-0.06772320110247071,93.22767988975293,10159
2,H17,0.5,True,True,10000,42.85152022040736,-0.05451146315064449,94.54885368493555,10163
2,H17,0.5,True,False,10000,43.25283390832923,-0.04908822079842287,95.0911779201577,10145
2,H17,0.5,False,True,10000,43.88135926144176,-0.033981536043999214,96.60184639560008,10182
2,H17,0.5,False,False,10000,43.66197183098591,-0.0370333891460652,96.29666108539348,10153
2,H17,0.65,True,True,10000,43.79547689282202,-0.032251720747295966,96.7748279252704,10170
2,H17,0.65,True,False,10000,43.46884535879516,-0.04203169603307412,95.79683039669258,10159
2,H17,0.65,False,True,10000,43.698387731026344,-0.039028706252457725,96.09712937475423,10172
2,H17,0.65,False,False,10000,42.417690417690416,-0.06515970515970516,93.48402948402949,10175
2,H17,0.75,True,True,10000,42.22418705177326,-0.07014441497200118,92.98555850279988,10179
2,H17,0.75,True,False,10000,43.466299862448416,-0.04676753782668501,95.3232462173315,10178
2,H17,0.75,False,True,10000,43.17176285517648,-0.04463671222102055,95.53632877789795,10171
2,H17,0.75,False,False,10000,43.08798896443,-0.05222189378263868,94.77781062173614,10149
6,S17,0.5,True,True,10000,43.04232544436807,-0.05155651576156339,94.84434842384366,10183
6,S17,0.5,True,False,10000,42.8417230890001,-0.055833578647826516,94.41664213521734,10191
6,S17,0.5,False,True,10000,42.83330060867858,-0.048007068525427056,95.1992931474573,10186
6,S17,0.5,False,False,10000,42.32767918423375,-0.061574664182763014,93.8425335817237,10199
6,S17,0.65,True,True,10000,43.17332284084202,-0.04377336218768444,95.62266378123155,10166
6,S17,0.65,True,False,10000,44.10231185440236,-0.02823413674372848,97.17658632562716,10165
6,S17,0.65,False,True,10000,42.048015678588925,-0.06604605585497306,93.3953944145027,10205
6,S17,0.65,False,False,10000,42.175066312997345,-0.06788486098830926,93.21151390116907,10179
6,S17,0.75,True,True,10000,42.35906501669613,-0.06069534472598703,93.9304655274013,10182
6,S17,0.75,True,False,10000,43.37184256902291,-0.04268650871353045,95.73134912864695,10214
6,S17,0.75,False,True,10000,42.75895925380461,-0.054491899852724596,94.55081001472753,10185
6,S17,0.75,False,False,10000,43.12782250147261,-0.04692715491851561,95.30728450814844,10186
6,H17,0.5,True,True,10000,43.06361223085242,-0.04640644970995969,95.35935502900404,10171
6,H17,0.5,True,False,10000,42.837506136475206,-0.054393716249386354,94.56062837506136,10185
6,H17,0.5,False,True,10000,43.4351369930276,-0.04144161838358048,95.85583816164196,10183
6,H17,0.5,False,False,10000,43.1798094863989,-0.04478051654718649,95.52194834528134,10183
6,H17,0.65,True,True,10000,42.662484070189194,-0.0569552004705421,94.30447995294578,10201
6,H17,0.65,True,False,10000,43.09278350515464,-0.050073637702503684,94.99263622974962,10185
6,H17,0.65,False,True,10000,43.414586200117945,-0.04521328877530961,95.47867112246904,10174
6,H17,0.65,False,False,10000,42.91474087914249,-0.053594257055757696,94.64057429442423,10169
6,H17,0.75,True,True,10000,41.76158680282796,-0.07747446975648076,92.25255302435193,10184
6,H17,0.75,True,False,10000,43.29208406992732,-0.04105283834217246,95.89471616578275,10182
6,H17,0.75,False,True,10000,42.57571302558071,-0.05929628540625306,94.07037145937468,10203
6,H17,0.75,False,False,10000,43.14685999804056,-0.04398941902615852,95.60105809738415,10207
8,S17,0.5,True,True,10000,42.72691629092335,-0.05587139776514409,94.4128602234856,10202
8,S17,0.5,True,False,10000,42.54024342363565,-0.060855908912446015,93.91440910875541,10188
8,S17,0.5,False,True,10000,42.54317111459969,-0.05729984301412873,94.27001569858713,10192
8,S17,0.5,False,False,10000,42.87535549671472,-0.04864175737962146,95.13582426203784,10197
8,S17,0.65,True,True,10000,42.95684655460533,-0.05524427405878305,94.47557259412169,10173
8,S17,0.65,True,False,10000,42.59368255836767,-0.056405728860113795,94.35942711398863,10194
8,S17,0.65,False,True,10000,43.469307707393604,-0.04491076681702295,95.5089233182977,10198
8,S17,0.65,False,False,10000,42.020440251572325,-0.0695754716981132,93.04245283018868,10176
8,S17,0.75,True,True,10000,42.502453385672226,-0.05564278704612365,94.43572129538764,10190
8,S17,0.75,True,False,10000,42.41084585912172,-0.061695647902544455,93.83043520974556,10179
8,S17,0.75,False,True,10000,42.70037233000196,-0.05751518714481677,94.24848128551832,10206
8,S17,0.75,False,False,10000,42.770316635623956,-0.057543378100186254,94.24566218998137,10201
8,H17,0.5,True,True,10000,42.801021410331956,-0.05382046749165194,94.6179532508348,10182
8,H17,0.5,True,False,10000,42.04912418044818,-0.06468343282121539,93.53165671787846,10219
8,H17,0.5,False,True,10000,43.218593704030596,-0.04864175737962146,95.13582426203784,10197
8,H17,0.5,False,False,10000,43.0742084109401,-0.05009312812469366,94.99068718753063,10201
8,H17,0.65,True,True,10000,43.37585868498528,-0.04288518155053975,95.71148184494602,10190
8,H17,0.65,True,False,10000,43.12088775409997,-0.043111067465383485,95.68889325346164,10183
8,H17,0.65,False,True,10000,43.55852317360566,-0.037706205813040065,96.229379418696,10184
8,H17,0.65,False,False,10000,42.68627450980392,-0.06,94.0,10200
8,H17,0.75,True,True,10000,42.79257148472045,-0.054927778323671024,94.5072221676329,10177
8,H17,0.75,True,False,10000,43.097345132743364,-0.04788593903638151,95.21140609636186,10170
8,H17,0.75,False,True,10000,42.80258519388954,-0.05679592636114375,94.32040736388562,10212
8,H17,0.75,False,False,10000,43.41511285574092,-0.04396467124631992,95.603532875368,10190
